{
  "total_revenue": 6213.328752468365,
  "total_items_sold": 241,
  "avg_weekly_revenue": 144.4960174992643,
  "avg_items_per_week": 5.604651162790698,
  "best_week_revenue": 384.31840173189073,
  "best_week_date": "2025-05-19",
  "total_orders": 43
}